{"app":["/app-0a2378f2f994645d11a3.js"],"component---src-pages-404-js":["/component---src-pages-404-js-e79a477e692f5abccb58.js"],"component---src-pages-about-us-js":["/component---src-pages-about-us-js-8c9e5c9cdaa2a74f3f5c.js"],"component---src-pages-contact-us-js":["/component---src-pages-contact-us-js-4888d3f2c29981cb047d.js"],"component---src-pages-disclaimer-js":["/component---src-pages-disclaimer-js-ded908ff72dabbae2fac.js"],"component---src-pages-index-js":["/component---src-pages-index-js-a87e3833e44e92b71ffb.js"],"component---src-pages-parcel-content-js":["/component---src-pages-parcel-content-js-6c2ab31f20b182097400.js"],"component---src-pages-profile-js":["/component---src-pages-profile-js-7af34657b54df69fe28a.js"],"component---src-pages-sign-in-js":["/component---src-pages-sign-in-js-6e217a51b50c3b8b21fb.js"],"component---src-pages-sign-up-js":["/component---src-pages-sign-up-js-8fadbf1dd56124f68881.js"]}