{"app":["/app-0a2378f2f994645d11a3.js"],"component---src-pages-404-js":["/component---src-pages-404-js-e79a477e692f5abccb58.js"],"component---src-pages-about-us-js":["/component---src-pages-about-us-js-331e6f2b29a89272d244.js"],"component---src-pages-contact-us-js":["/component---src-pages-contact-us-js-1fd4d880bdbb072104bb.js"],"component---src-pages-disclaimer-js":["/component---src-pages-disclaimer-js-c91716763ca00b35c9e0.js"],"component---src-pages-index-js":["/component---src-pages-index-js-cb1ec029d3571be1b422.js"],"component---src-pages-parcel-content-js":["/component---src-pages-parcel-content-js-324af7f05aa4f4dcaa0b.js"],"component---src-pages-profile-js":["/component---src-pages-profile-js-9380c461ad59f803077a.js"],"component---src-pages-sign-in-js":["/component---src-pages-sign-in-js-bf2fcb8ebcf9087b5133.js"],"component---src-pages-sign-up-js":["/component---src-pages-sign-up-js-982ccb5d8e0947f435b7.js"]}