{"name":"build-javascript","namedChunkGroups":{"app":{"name":"app","assets":[{"name":"webpack-runtime-e6d6492ffbe9c6577688.js","size":4132},{"name":"framework-738119984d43c5574bfa.js","size":140757},{"name":"styles.4db0afdd2ff531681a42.css","size":14072},{"name":"app-0a2378f2f994645d11a3.js","size":61706}],"filteredAssets":0,"assetsSize":220667,"filteredAuxiliaryAssets":3,"auxiliaryAssetsSize":589923},"component---src-pages-404-js":{"name":"component---src-pages-404-js","assets":[{"name":"component---src-pages-404-js-e79a477e692f5abccb58.js","size":411}],"filteredAssets":0,"assetsSize":411,"filteredAuxiliaryAssets":1,"auxiliaryAssetsSize":584},"component---src-pages-about-us-js":{"name":"component---src-pages-about-us-js","assets":[{"name":"component---src-pages-about-us-js-331e6f2b29a89272d244.js","size":10645}],"filteredAssets":0,"assetsSize":10645,"filteredAuxiliaryAssets":1,"auxiliaryAssetsSize":21021},"component---src-pages-contact-us-js":{"name":"component---src-pages-contact-us-js","assets":[{"name":"component---src-pages-contact-us-js-1fd4d880bdbb072104bb.js","size":9932}],"filteredAssets":0,"assetsSize":9932,"filteredAuxiliaryAssets":1,"auxiliaryAssetsSize":22320},"component---src-pages-disclaimer-js":{"name":"component---src-pages-disclaimer-js","assets":[{"name":"component---src-pages-disclaimer-js-c91716763ca00b35c9e0.js","size":13110}],"filteredAssets":0,"assetsSize":13110,"filteredAuxiliaryAssets":1,"auxiliaryAssetsSize":23969},"component---src-pages-index-js":{"name":"component---src-pages-index-js","assets":[{"name":"component---src-pages-index-js-cb1ec029d3571be1b422.js","size":23905}],"filteredAssets":0,"assetsSize":23905,"filteredAuxiliaryAssets":1,"auxiliaryAssetsSize":52584},"component---src-pages-parcel-content-js":{"name":"component---src-pages-parcel-content-js","assets":[{"name":"component---src-pages-parcel-content-js-324af7f05aa4f4dcaa0b.js","size":14910}],"filteredAssets":0,"assetsSize":14910,"filteredAuxiliaryAssets":1,"auxiliaryAssetsSize":33899},"component---src-pages-profile-js":{"name":"component---src-pages-profile-js","assets":[{"name":"component---src-pages-profile-js-9380c461ad59f803077a.js","size":17490}],"filteredAssets":0,"assetsSize":17490,"filteredAuxiliaryAssets":1,"auxiliaryAssetsSize":38150},"component---src-pages-sign-in-js":{"name":"component---src-pages-sign-in-js","assets":[{"name":"7537318b6637db8e2f1a66b5afce4362e0d44b42-fb6f14c595bc2ee621ea.js","size":33012},{"name":"component---src-pages-sign-in-js-bf2fcb8ebcf9087b5133.js","size":2940}],"filteredAssets":0,"assetsSize":35952,"filteredAuxiliaryAssets":2,"auxiliaryAssetsSize":67628},"component---src-pages-sign-up-js":{"name":"component---src-pages-sign-up-js","assets":[{"name":"7537318b6637db8e2f1a66b5afce4362e0d44b42-fb6f14c595bc2ee621ea.js","size":33012},{"name":"component---src-pages-sign-up-js-982ccb5d8e0947f435b7.js","size":5179}],"filteredAssets":0,"assetsSize":38191,"filteredAuxiliaryAssets":2,"auxiliaryAssetsSize":73510}},"assetsByChunkName":{"app":["webpack-runtime-e6d6492ffbe9c6577688.js","framework-738119984d43c5574bfa.js","styles.4db0afdd2ff531681a42.css","app-0a2378f2f994645d11a3.js"],"component---src-pages-404-js":["component---src-pages-404-js-e79a477e692f5abccb58.js"],"component---src-pages-about-us-js":["component---src-pages-about-us-js-331e6f2b29a89272d244.js"],"component---src-pages-contact-us-js":["component---src-pages-contact-us-js-1fd4d880bdbb072104bb.js"],"component---src-pages-disclaimer-js":["component---src-pages-disclaimer-js-c91716763ca00b35c9e0.js"],"component---src-pages-index-js":["component---src-pages-index-js-cb1ec029d3571be1b422.js"],"component---src-pages-parcel-content-js":["component---src-pages-parcel-content-js-324af7f05aa4f4dcaa0b.js"],"component---src-pages-profile-js":["component---src-pages-profile-js-9380c461ad59f803077a.js"],"component---src-pages-sign-in-js":["7537318b6637db8e2f1a66b5afce4362e0d44b42-fb6f14c595bc2ee621ea.js","component---src-pages-sign-in-js-bf2fcb8ebcf9087b5133.js"],"component---src-pages-sign-up-js":["7537318b6637db8e2f1a66b5afce4362e0d44b42-fb6f14c595bc2ee621ea.js","component---src-pages-sign-up-js-982ccb5d8e0947f435b7.js"]},"childAssetsByChunkName":{}}