{"name":"build-javascript","namedChunkGroups":{"app":{"name":"app","assets":[{"name":"webpack-runtime-c4e91f914a4bed9d2280.js","size":4132},{"name":"framework-738119984d43c5574bfa.js","size":140757},{"name":"styles.4db0afdd2ff531681a42.css","size":14072},{"name":"app-0a2378f2f994645d11a3.js","size":61706}],"filteredAssets":0,"assetsSize":220667,"filteredAuxiliaryAssets":3,"auxiliaryAssetsSize":589923},"component---src-pages-404-js":{"name":"component---src-pages-404-js","assets":[{"name":"component---src-pages-404-js-e79a477e692f5abccb58.js","size":411}],"filteredAssets":0,"assetsSize":411,"filteredAuxiliaryAssets":1,"auxiliaryAssetsSize":584},"component---src-pages-about-us-js":{"name":"component---src-pages-about-us-js","assets":[{"name":"component---src-pages-about-us-js-8c9e5c9cdaa2a74f3f5c.js","size":10645}],"filteredAssets":0,"assetsSize":10645,"filteredAuxiliaryAssets":1,"auxiliaryAssetsSize":21092},"component---src-pages-contact-us-js":{"name":"component---src-pages-contact-us-js","assets":[{"name":"component---src-pages-contact-us-js-4888d3f2c29981cb047d.js","size":9932}],"filteredAssets":0,"assetsSize":9932,"filteredAuxiliaryAssets":1,"auxiliaryAssetsSize":22391},"component---src-pages-disclaimer-js":{"name":"component---src-pages-disclaimer-js","assets":[{"name":"component---src-pages-disclaimer-js-ded908ff72dabbae2fac.js","size":13110}],"filteredAssets":0,"assetsSize":13110,"filteredAuxiliaryAssets":1,"auxiliaryAssetsSize":24040},"component---src-pages-index-js":{"name":"component---src-pages-index-js","assets":[{"name":"component---src-pages-index-js-a87e3833e44e92b71ffb.js","size":23932}],"filteredAssets":0,"assetsSize":23932,"filteredAuxiliaryAssets":1,"auxiliaryAssetsSize":52746},"component---src-pages-parcel-content-js":{"name":"component---src-pages-parcel-content-js","assets":[{"name":"component---src-pages-parcel-content-js-6c2ab31f20b182097400.js","size":14937}],"filteredAssets":0,"assetsSize":14937,"filteredAuxiliaryAssets":1,"auxiliaryAssetsSize":34065},"component---src-pages-profile-js":{"name":"component---src-pages-profile-js","assets":[{"name":"component---src-pages-profile-js-7af34657b54df69fe28a.js","size":17517}],"filteredAssets":0,"assetsSize":17517,"filteredAuxiliaryAssets":1,"auxiliaryAssetsSize":38317},"component---src-pages-sign-in-js":{"name":"component---src-pages-sign-in-js","assets":[{"name":"7537318b6637db8e2f1a66b5afce4362e0d44b42-d4436b6ac863e662edee.js","size":33012},{"name":"component---src-pages-sign-in-js-6e217a51b50c3b8b21fb.js","size":3063}],"filteredAssets":0,"assetsSize":36075,"filteredAuxiliaryAssets":2,"auxiliaryAssetsSize":67955},"component---src-pages-sign-up-js":{"name":"component---src-pages-sign-up-js","assets":[{"name":"7537318b6637db8e2f1a66b5afce4362e0d44b42-d4436b6ac863e662edee.js","size":33012},{"name":"component---src-pages-sign-up-js-8fadbf1dd56124f68881.js","size":5302}],"filteredAssets":0,"assetsSize":38314,"filteredAuxiliaryAssets":2,"auxiliaryAssetsSize":73830}},"assetsByChunkName":{"app":["webpack-runtime-c4e91f914a4bed9d2280.js","framework-738119984d43c5574bfa.js","styles.4db0afdd2ff531681a42.css","app-0a2378f2f994645d11a3.js"],"component---src-pages-404-js":["component---src-pages-404-js-e79a477e692f5abccb58.js"],"component---src-pages-about-us-js":["component---src-pages-about-us-js-8c9e5c9cdaa2a74f3f5c.js"],"component---src-pages-contact-us-js":["component---src-pages-contact-us-js-4888d3f2c29981cb047d.js"],"component---src-pages-disclaimer-js":["component---src-pages-disclaimer-js-ded908ff72dabbae2fac.js"],"component---src-pages-index-js":["component---src-pages-index-js-a87e3833e44e92b71ffb.js"],"component---src-pages-parcel-content-js":["component---src-pages-parcel-content-js-6c2ab31f20b182097400.js"],"component---src-pages-profile-js":["component---src-pages-profile-js-7af34657b54df69fe28a.js"],"component---src-pages-sign-in-js":["7537318b6637db8e2f1a66b5afce4362e0d44b42-d4436b6ac863e662edee.js","component---src-pages-sign-in-js-6e217a51b50c3b8b21fb.js"],"component---src-pages-sign-up-js":["7537318b6637db8e2f1a66b5afce4362e0d44b42-d4436b6ac863e662edee.js","component---src-pages-sign-up-js-8fadbf1dd56124f68881.js"]},"childAssetsByChunkName":{}}