{"app":["/app-c58c83b6c53b9158e7ec.js"],"component---src-pages-404-js":["/component---src-pages-404-js-ce8c33e09906949e6af9.js"],"component---src-pages-about-us-js":["/component---src-pages-about-us-js-490b65260ba7e7e0946d.js"],"component---src-pages-contact-us-js":["/component---src-pages-contact-us-js-d535dbdd7252e9fcc5bf.js"],"component---src-pages-disclaimer-js":["/component---src-pages-disclaimer-js-5ae4aff7077f9c2579fc.js"],"component---src-pages-index-js":["/component---src-pages-index-js-c1ae3d64af88f5cc8def.js"],"component---src-pages-parcel-content-js":["/component---src-pages-parcel-content-js-a26ae4d87d550a2299d8.js"],"component---src-pages-payment-error-js":["/component---src-pages-payment-error-js-f1c431509c98525af806.js"],"component---src-pages-payments-js":["/component---src-pages-payments-js-eaa6234cdb4076355a32.js"],"component---src-pages-profile-js":["/component---src-pages-profile-js-67d93914ed96cd092e55.js"],"component---src-pages-reset-password-js":["/component---src-pages-reset-password-js-8baf9649c0a58f96a199.js"],"component---src-pages-restore-js":["/component---src-pages-restore-js-9d25241591130b2cf542.js"],"component---src-pages-sign-in-js":["/component---src-pages-sign-in-js-8e4417ee0e01b82ab34c.js"],"component---src-pages-sign-up-js":["/component---src-pages-sign-up-js-d73a07edc08c57a8e1b5.js"],"component---src-pages-successful-payment-js":["/component---src-pages-successful-payment-js-5c58cfc0175505e3196d.js"]}