{"name":"build-javascript","namedChunkGroups":{"app":{"name":"app","assets":[{"name":"webpack-runtime-81224e2a5dd241643492.js","size":4695},{"name":"framework-738119984d43c5574bfa.js","size":140757},{"name":"styles.087d8388d0e340b086e1.css","size":17035},{"name":"app-c58c83b6c53b9158e7ec.js","size":62426}],"filteredAssets":0,"assetsSize":224913,"filteredAuxiliaryAssets":3,"auxiliaryAssetsSize":591946},"component---src-pages-404-js":{"name":"component---src-pages-404-js","assets":[{"name":"commons-8081e830adb7b7d41166.js","size":15195},{"name":"component---src-pages-404-js-ce8c33e09906949e6af9.js","size":508}],"filteredAssets":0,"assetsSize":15703,"filteredAuxiliaryAssets":2,"auxiliaryAssetsSize":69342},"component---src-pages-about-us-js":{"name":"component---src-pages-about-us-js","assets":[{"name":"commons-8081e830adb7b7d41166.js","size":15195},{"name":"component---src-pages-about-us-js-490b65260ba7e7e0946d.js","size":9687}],"filteredAssets":0,"assetsSize":24882,"filteredAuxiliaryAssets":2,"auxiliaryAssetsSize":85512},"component---src-pages-contact-us-js":{"name":"component---src-pages-contact-us-js","assets":[{"name":"commons-8081e830adb7b7d41166.js","size":15195},{"name":"component---src-pages-contact-us-js-d535dbdd7252e9fcc5bf.js","size":8950}],"filteredAssets":0,"assetsSize":24145,"filteredAuxiliaryAssets":2,"auxiliaryAssetsSize":86503},"component---src-pages-disclaimer-js":{"name":"component---src-pages-disclaimer-js","assets":[{"name":"commons-8081e830adb7b7d41166.js","size":15195},{"name":"component---src-pages-disclaimer-js-5ae4aff7077f9c2579fc.js","size":13015}],"filteredAssets":0,"assetsSize":28210,"filteredAuxiliaryAssets":2,"auxiliaryAssetsSize":89474},"component---src-pages-index-js":{"name":"component---src-pages-index-js","assets":[{"name":"commons-8081e830adb7b7d41166.js","size":15195},{"name":"6980b351a55aebdb841626f56c0b4bde40d404c2-1640f5e07f345cdddf0e.js","size":36218},{"name":"component---src-pages-index-js-c1ae3d64af88f5cc8def.js","size":25180}],"filteredAssets":0,"assetsSize":76593,"filteredAuxiliaryAssets":3,"auxiliaryAssetsSize":199677},"component---src-pages-parcel-content-js":{"name":"component---src-pages-parcel-content-js","assets":[{"name":"commons-8081e830adb7b7d41166.js","size":15195},{"name":"6980b351a55aebdb841626f56c0b4bde40d404c2-1640f5e07f345cdddf0e.js","size":36218},{"name":"component---src-pages-parcel-content-js-a26ae4d87d550a2299d8.js","size":14281}],"filteredAssets":0,"assetsSize":65694,"filteredAuxiliaryAssets":3,"auxiliaryAssetsSize":181081},"component---src-pages-payment-error-js":{"name":"component---src-pages-payment-error-js","assets":[{"name":"commons-8081e830adb7b7d41166.js","size":15195},{"name":"component---src-pages-payment-error-js-f1c431509c98525af806.js","size":5191}],"filteredAssets":0,"assetsSize":20386,"filteredAuxiliaryAssets":2,"auxiliaryAssetsSize":79103},"component---src-pages-payments-js":{"name":"component---src-pages-payments-js","assets":[{"name":"commons-8081e830adb7b7d41166.js","size":15195},{"name":"component---src-pages-payments-js-eaa6234cdb4076355a32.js","size":11202}],"filteredAssets":0,"assetsSize":26397,"filteredAuxiliaryAssets":2,"auxiliaryAssetsSize":102244},"component---src-pages-profile-js":{"name":"component---src-pages-profile-js","assets":[{"name":"commons-8081e830adb7b7d41166.js","size":15195},{"name":"6980b351a55aebdb841626f56c0b4bde40d404c2-1640f5e07f345cdddf0e.js","size":36218},{"name":"component---src-pages-profile-js-67d93914ed96cd092e55.js","size":38404}],"filteredAssets":0,"assetsSize":89817,"filteredAuxiliaryAssets":3,"auxiliaryAssetsSize":249485},"component---src-pages-reset-password-js":{"name":"component---src-pages-reset-password-js","assets":[{"name":"commons-8081e830adb7b7d41166.js","size":15195},{"name":"6980b351a55aebdb841626f56c0b4bde40d404c2-1640f5e07f345cdddf0e.js","size":36218},{"name":"component---src-pages-reset-password-js-8baf9649c0a58f96a199.js","size":2439}],"filteredAssets":0,"assetsSize":53852,"filteredAuxiliaryAssets":3,"auxiliaryAssetsSize":148604},"component---src-pages-restore-js":{"name":"component---src-pages-restore-js","assets":[{"name":"commons-8081e830adb7b7d41166.js","size":15195},{"name":"6980b351a55aebdb841626f56c0b4bde40d404c2-1640f5e07f345cdddf0e.js","size":36218},{"name":"component---src-pages-restore-js-9d25241591130b2cf542.js","size":14266}],"filteredAssets":0,"assetsSize":65679,"filteredAuxiliaryAssets":3,"auxiliaryAssetsSize":169782},"component---src-pages-sign-in-js":{"name":"component---src-pages-sign-in-js","assets":[{"name":"commons-8081e830adb7b7d41166.js","size":15195},{"name":"6980b351a55aebdb841626f56c0b4bde40d404c2-1640f5e07f345cdddf0e.js","size":36218},{"name":"component---src-pages-sign-in-js-8e4417ee0e01b82ab34c.js","size":14122}],"filteredAssets":0,"assetsSize":65535,"filteredAuxiliaryAssets":3,"auxiliaryAssetsSize":171085},"component---src-pages-sign-up-js":{"name":"component---src-pages-sign-up-js","assets":[{"name":"commons-8081e830adb7b7d41166.js","size":15195},{"name":"6980b351a55aebdb841626f56c0b4bde40d404c2-1640f5e07f345cdddf0e.js","size":36218},{"name":"component---src-pages-sign-up-js-d73a07edc08c57a8e1b5.js","size":16660}],"filteredAssets":0,"assetsSize":68073,"filteredAuxiliaryAssets":3,"auxiliaryAssetsSize":176862},"component---src-pages-successful-payment-js":{"name":"component---src-pages-successful-payment-js","assets":[{"name":"commons-8081e830adb7b7d41166.js","size":15195},{"name":"component---src-pages-successful-payment-js-5c58cfc0175505e3196d.js","size":15913}],"filteredAssets":0,"assetsSize":31108,"filteredAuxiliaryAssets":2,"auxiliaryAssetsSize":111087}},"assetsByChunkName":{"app":["webpack-runtime-81224e2a5dd241643492.js","framework-738119984d43c5574bfa.js","styles.087d8388d0e340b086e1.css","app-c58c83b6c53b9158e7ec.js"],"component---src-pages-404-js":["commons-8081e830adb7b7d41166.js","component---src-pages-404-js-ce8c33e09906949e6af9.js"],"component---src-pages-about-us-js":["commons-8081e830adb7b7d41166.js","component---src-pages-about-us-js-490b65260ba7e7e0946d.js"],"component---src-pages-contact-us-js":["commons-8081e830adb7b7d41166.js","component---src-pages-contact-us-js-d535dbdd7252e9fcc5bf.js"],"component---src-pages-disclaimer-js":["commons-8081e830adb7b7d41166.js","component---src-pages-disclaimer-js-5ae4aff7077f9c2579fc.js"],"component---src-pages-index-js":["commons-8081e830adb7b7d41166.js","6980b351a55aebdb841626f56c0b4bde40d404c2-1640f5e07f345cdddf0e.js","component---src-pages-index-js-c1ae3d64af88f5cc8def.js"],"component---src-pages-parcel-content-js":["commons-8081e830adb7b7d41166.js","6980b351a55aebdb841626f56c0b4bde40d404c2-1640f5e07f345cdddf0e.js","component---src-pages-parcel-content-js-a26ae4d87d550a2299d8.js"],"component---src-pages-payment-error-js":["commons-8081e830adb7b7d41166.js","component---src-pages-payment-error-js-f1c431509c98525af806.js"],"component---src-pages-payments-js":["commons-8081e830adb7b7d41166.js","component---src-pages-payments-js-eaa6234cdb4076355a32.js"],"component---src-pages-profile-js":["commons-8081e830adb7b7d41166.js","6980b351a55aebdb841626f56c0b4bde40d404c2-1640f5e07f345cdddf0e.js","component---src-pages-profile-js-67d93914ed96cd092e55.js"],"component---src-pages-reset-password-js":["commons-8081e830adb7b7d41166.js","6980b351a55aebdb841626f56c0b4bde40d404c2-1640f5e07f345cdddf0e.js","component---src-pages-reset-password-js-8baf9649c0a58f96a199.js"],"component---src-pages-restore-js":["commons-8081e830adb7b7d41166.js","6980b351a55aebdb841626f56c0b4bde40d404c2-1640f5e07f345cdddf0e.js","component---src-pages-restore-js-9d25241591130b2cf542.js"],"component---src-pages-sign-in-js":["commons-8081e830adb7b7d41166.js","6980b351a55aebdb841626f56c0b4bde40d404c2-1640f5e07f345cdddf0e.js","component---src-pages-sign-in-js-8e4417ee0e01b82ab34c.js"],"component---src-pages-sign-up-js":["commons-8081e830adb7b7d41166.js","6980b351a55aebdb841626f56c0b4bde40d404c2-1640f5e07f345cdddf0e.js","component---src-pages-sign-up-js-d73a07edc08c57a8e1b5.js"],"component---src-pages-successful-payment-js":["commons-8081e830adb7b7d41166.js","component---src-pages-successful-payment-js-5c58cfc0175505e3196d.js"]},"childAssetsByChunkName":{}}