{"app":["/app-5c4a688c06f7f3af3a57.js"],"component---src-pages-404-js":["/component---src-pages-404-js-e79a477e692f5abccb58.js"],"component---src-pages-about-us-js":["/component---src-pages-about-us-js-1f7c43b2f66c8cab809d.js"],"component---src-pages-contact-us-js":["/component---src-pages-contact-us-js-8fde954f4b736812c1fb.js"],"component---src-pages-disclaimer-js":["/component---src-pages-disclaimer-js-ad7e81ffd0dec96ddf10.js"],"component---src-pages-index-js":["/component---src-pages-index-js-d024ce21d1dce92d5ac4.js"],"component---src-pages-parcel-content-js":["/component---src-pages-parcel-content-js-a86d049e4d9b84f56cac.js"],"component---src-pages-payment-error-js":["/component---src-pages-payment-error-js-63c919bcba9f80bbaf4c.js"],"component---src-pages-payments-js":["/component---src-pages-payments-js-bad633357dbc51b00dd1.js"],"component---src-pages-profile-js":["/component---src-pages-profile-js-290a744819fc53675fe4.js"],"component---src-pages-reset-password-js":["/component---src-pages-reset-password-js-e384acc12e8688380341.js"],"component---src-pages-restore-js":["/component---src-pages-restore-js-7b3dcafc1abf079babbc.js"],"component---src-pages-sign-in-js":["/component---src-pages-sign-in-js-d30bc833630559bc9e9b.js"],"component---src-pages-sign-up-js":["/component---src-pages-sign-up-js-5e946e6eb68f51f0a0a6.js"],"component---src-pages-successful-payment-js":["/component---src-pages-successful-payment-js-d04cb892e9b6b12113da.js"]}