{"name":"build-javascript","namedChunkGroups":{"app":{"name":"app","assets":[{"name":"webpack-runtime-5e155d1a6534edbb8ed8.js","size":4489},{"name":"framework-738119984d43c5574bfa.js","size":140757},{"name":"styles.c062d5b66e92c83e5cc9.css","size":17010},{"name":"app-5c4a688c06f7f3af3a57.js","size":62195}],"filteredAssets":0,"assetsSize":224451,"filteredAuxiliaryAssets":3,"auxiliaryAssetsSize":591395},"component---src-pages-404-js":{"name":"component---src-pages-404-js","assets":[{"name":"component---src-pages-404-js-e79a477e692f5abccb58.js","size":411}],"filteredAssets":0,"assetsSize":411,"filteredAuxiliaryAssets":1,"auxiliaryAssetsSize":584},"component---src-pages-about-us-js":{"name":"component---src-pages-about-us-js","assets":[{"name":"component---src-pages-about-us-js-1f7c43b2f66c8cab809d.js","size":9590}],"filteredAssets":0,"assetsSize":9590,"filteredAuxiliaryAssets":1,"auxiliaryAssetsSize":16731},"component---src-pages-contact-us-js":{"name":"component---src-pages-contact-us-js","assets":[{"name":"component---src-pages-contact-us-js-8fde954f4b736812c1fb.js","size":8856}],"filteredAssets":0,"assetsSize":8856,"filteredAuxiliaryAssets":1,"auxiliaryAssetsSize":17725},"component---src-pages-disclaimer-js":{"name":"component---src-pages-disclaimer-js","assets":[{"name":"component---src-pages-disclaimer-js-ad7e81ffd0dec96ddf10.js","size":12957}],"filteredAssets":0,"assetsSize":12957,"filteredAuxiliaryAssets":1,"auxiliaryAssetsSize":20604},"component---src-pages-index-js":{"name":"component---src-pages-index-js","assets":[{"name":"6980b351a55aebdb841626f56c0b4bde40d404c2-9cf700df5285f5f55afd.js","size":35935},{"name":"component---src-pages-index-js-d024ce21d1dce92d5ac4.js","size":25081}],"filteredAssets":0,"assetsSize":61016,"filteredAuxiliaryAssets":2,"auxiliaryAssetsSize":129508},"component---src-pages-parcel-content-js":{"name":"component---src-pages-parcel-content-js","assets":[{"name":"6980b351a55aebdb841626f56c0b4bde40d404c2-9cf700df5285f5f55afd.js","size":35935},{"name":"component---src-pages-parcel-content-js-a86d049e4d9b84f56cac.js","size":14184}],"filteredAssets":0,"assetsSize":50119,"filteredAuxiliaryAssets":2,"auxiliaryAssetsSize":111018},"component---src-pages-payment-error-js":{"name":"component---src-pages-payment-error-js","assets":[{"name":"component---src-pages-payment-error-js-63c919bcba9f80bbaf4c.js","size":5094}],"filteredAssets":0,"assetsSize":5094,"filteredAuxiliaryAssets":1,"auxiliaryAssetsSize":10342},"component---src-pages-payments-js":{"name":"component---src-pages-payments-js","assets":[{"name":"component---src-pages-payments-js-bad633357dbc51b00dd1.js","size":10822}],"filteredAssets":0,"assetsSize":10822,"filteredAuxiliaryAssets":1,"auxiliaryAssetsSize":32190},"component---src-pages-profile-js":{"name":"component---src-pages-profile-js","assets":[{"name":"6980b351a55aebdb841626f56c0b4bde40d404c2-9cf700df5285f5f55afd.js","size":35935},{"name":"component---src-pages-profile-js-290a744819fc53675fe4.js","size":21565}],"filteredAssets":0,"assetsSize":57500,"filteredAuxiliaryAssets":2,"auxiliaryAssetsSize":125751},"component---src-pages-reset-password-js":{"name":"component---src-pages-reset-password-js","assets":[{"name":"6980b351a55aebdb841626f56c0b4bde40d404c2-9cf700df5285f5f55afd.js","size":35935},{"name":"component---src-pages-reset-password-js-e384acc12e8688380341.js","size":2342}],"filteredAssets":0,"assetsSize":38277,"filteredAuxiliaryAssets":2,"auxiliaryAssetsSize":78572},"component---src-pages-restore-js":{"name":"component---src-pages-restore-js","assets":[{"name":"6980b351a55aebdb841626f56c0b4bde40d404c2-9cf700df5285f5f55afd.js","size":35935},{"name":"component---src-pages-restore-js-7b3dcafc1abf079babbc.js","size":14169}],"filteredAssets":0,"assetsSize":50104,"filteredAuxiliaryAssets":2,"auxiliaryAssetsSize":99762},"component---src-pages-sign-in-js":{"name":"component---src-pages-sign-in-js","assets":[{"name":"6980b351a55aebdb841626f56c0b4bde40d404c2-9cf700df5285f5f55afd.js","size":35935},{"name":"component---src-pages-sign-in-js-d30bc833630559bc9e9b.js","size":13974}],"filteredAssets":0,"assetsSize":49909,"filteredAuxiliaryAssets":2,"auxiliaryAssetsSize":100928},"component---src-pages-sign-up-js":{"name":"component---src-pages-sign-up-js","assets":[{"name":"6980b351a55aebdb841626f56c0b4bde40d404c2-9cf700df5285f5f55afd.js","size":35935},{"name":"component---src-pages-sign-up-js-5e946e6eb68f51f0a0a6.js","size":16030}],"filteredAssets":0,"assetsSize":51965,"filteredAuxiliaryAssets":2,"auxiliaryAssetsSize":106378},"component---src-pages-successful-payment-js":{"name":"component---src-pages-successful-payment-js","assets":[{"name":"component---src-pages-successful-payment-js-d04cb892e9b6b12113da.js","size":15533}],"filteredAssets":0,"assetsSize":15533,"filteredAuxiliaryAssets":1,"auxiliaryAssetsSize":40965}},"assetsByChunkName":{"app":["webpack-runtime-5e155d1a6534edbb8ed8.js","framework-738119984d43c5574bfa.js","styles.c062d5b66e92c83e5cc9.css","app-5c4a688c06f7f3af3a57.js"],"component---src-pages-404-js":["component---src-pages-404-js-e79a477e692f5abccb58.js"],"component---src-pages-about-us-js":["component---src-pages-about-us-js-1f7c43b2f66c8cab809d.js"],"component---src-pages-contact-us-js":["component---src-pages-contact-us-js-8fde954f4b736812c1fb.js"],"component---src-pages-disclaimer-js":["component---src-pages-disclaimer-js-ad7e81ffd0dec96ddf10.js"],"component---src-pages-index-js":["6980b351a55aebdb841626f56c0b4bde40d404c2-9cf700df5285f5f55afd.js","component---src-pages-index-js-d024ce21d1dce92d5ac4.js"],"component---src-pages-parcel-content-js":["6980b351a55aebdb841626f56c0b4bde40d404c2-9cf700df5285f5f55afd.js","component---src-pages-parcel-content-js-a86d049e4d9b84f56cac.js"],"component---src-pages-payment-error-js":["component---src-pages-payment-error-js-63c919bcba9f80bbaf4c.js"],"component---src-pages-payments-js":["component---src-pages-payments-js-bad633357dbc51b00dd1.js"],"component---src-pages-profile-js":["6980b351a55aebdb841626f56c0b4bde40d404c2-9cf700df5285f5f55afd.js","component---src-pages-profile-js-290a744819fc53675fe4.js"],"component---src-pages-reset-password-js":["6980b351a55aebdb841626f56c0b4bde40d404c2-9cf700df5285f5f55afd.js","component---src-pages-reset-password-js-e384acc12e8688380341.js"],"component---src-pages-restore-js":["6980b351a55aebdb841626f56c0b4bde40d404c2-9cf700df5285f5f55afd.js","component---src-pages-restore-js-7b3dcafc1abf079babbc.js"],"component---src-pages-sign-in-js":["6980b351a55aebdb841626f56c0b4bde40d404c2-9cf700df5285f5f55afd.js","component---src-pages-sign-in-js-d30bc833630559bc9e9b.js"],"component---src-pages-sign-up-js":["6980b351a55aebdb841626f56c0b4bde40d404c2-9cf700df5285f5f55afd.js","component---src-pages-sign-up-js-5e946e6eb68f51f0a0a6.js"],"component---src-pages-successful-payment-js":["component---src-pages-successful-payment-js-d04cb892e9b6b12113da.js"]},"childAssetsByChunkName":{}}